{
  "metrics": {
    "annualised_vol": 0.19378186038961395,
    "avg_drawdown_duration": 214.8125,
    "cagr": -0.14681892748462955,
    "max_drawdown": -0.1641874258208802,
    "sharpe_ratio": -0.7226126168228639,
    "total_return": -0.06993785330015845
  },
  "standard_metrics": {
    "cagr": -0.14685280304540171,
    "hit_rate": 0.06375,
    "max_drawdown": -0.1641874258208802,
    "total_return": -0.06993785330015845
  },
  "trade_summary": {
    "avg_abs_position": 0.1355,
    "avg_bars": 5.587628865979381,
    "avg_bars_losing": 4.486486486486487,
    "avg_bars_winning": 9.130434782608695,
    "avg_loss_currency": -25.49824324324325,
    "avg_loss_pct": -0.006731631481748184,
    "avg_pnl_currency": -3.7481443298968844,
    "avg_pnl_pct": -0.0006754812067663762,
    "avg_position": 0.1355,
    "avg_win_currency": 66.23043478260884,
    "avg_win_pct": 0.01880952402578379,
    "bars_flat": 3458.0,
    "bars_in_market": 542.0,
    "best_trade_currency": 133.07999999999996,
    "best_trade_pct": 0.03591306046612153,
    "breakeven_rate": 0.0,
    "breakeven_trades": 0,
    "flat_time_pct": 0.8645,
    "gross_loss_currency": 1886.8700000000006,
    "gross_loss_pct": 0.4981407296493656,
    "gross_profit_currency": 1523.3000000000031,
    "gross_profit_pct": 0.43261905259302713,
    "long_exposure_pct": 0.1355,
    "long_short_ratio": NaN,
    "long_trades": 97,
    "losing_trades": 74,
    "loss_rate": 0.7628865979381443,
    "max_consecutive_losses": 9.0,
    "max_consecutive_wins": 2.0,
    "median_bars": 3.0,
    "median_pnl_pct": -0.004411436229618038,
    "net_profit_currency": -363.5699999999978,
    "net_profit_pct": -0.06552167705633849,
    "profit_factor_currency": 0.8073158193198273,
    "profit_factor_pct": 0.8684675370703812,
    "short_exposure_pct": 0.0,
    "short_trades": 0,
    "time_in_market_pct": 0.1355,
    "total_trades": 97,
    "win_rate": 0.23711340206185566,
    "winning_trades": 23,
    "worst_trade_currency": -91.20000000000027,
    "worst_trade_pct": -0.025852758336239012
  }
}