{
  "metrics": {
    "annualised_vol": 0.41273630357551533,
    "avg_drawdown_duration": 103.55263157894737,
    "cagr": 0.45888158627229925,
    "max_drawdown": -0.2740975146693305,
    "sharpe_ratio": 1.121022351760004,
    "total_return": 0.18821490721100864
  },
  "trade_summary": {
    "avg_abs_position": 0.48525,
    "avg_bars": 20.0,
    "avg_bars_losing": 6.879518072289157,
    "avg_bars_winning": 97.78571428571429,
    "avg_loss_currency": -30.529277108433742,
    "avg_loss_pct": -0.008058235452490986,
    "avg_pnl_currency": 4.696082474226817,
    "avg_pnl_pct": 0.0029036994238693372,
    "avg_position": 0.48525,
    "avg_win_currency": 213.532142857143,
    "avg_win_pct": 0.06789231333371983,
    "bars_flat": 2059.0,
    "bars_in_market": 1941.0,
    "best_trade_currency": 1102.54,
    "best_trade_pct": 0.4346149904210783,
    "breakeven_rate": 0.0,
    "breakeven_trades": 0,
    "flat_time_pct": 0.51475,
    "gross_loss_currency": 2533.9300000000007,
    "gross_loss_pct": 0.6688335425567519,
    "gross_profit_currency": 2989.4500000000016,
    "gross_profit_pct": 0.9504923866720776,
    "long_exposure_pct": 0.48525,
    "long_short_ratio": NaN,
    "long_trades": 97,
    "losing_trades": 83,
    "loss_rate": 0.8556701030927835,
    "max_consecutive_losses": 22.0,
    "max_consecutive_wins": 1.0,
    "median_bars": 6.0,
    "median_pnl_pct": -0.005366994417003279,
    "net_profit_currency": 455.5200000000012,
    "net_profit_pct": 0.2816588441153257,
    "profit_factor_currency": 1.1797681861772034,
    "profit_factor_pct": 1.4211194956500353,
    "short_exposure_pct": 0.0,
    "short_trades": 0,
    "time_in_market_pct": 0.48525,
    "total_trades": 97,
    "win_rate": 0.14432989690721648,
    "winning_trades": 14,
    "worst_trade_currency": -144.00000000000023,
    "worst_trade_pct": -0.0326160815402039
  }
}