{
  "metrics": {
    "annualised_vol": 0.47227034748973656,
    "avg_drawdown_duration": 130.93333333333334,
    "cagr": 0.9296751647108152,
    "max_drawdown": -0.1576928734915809,
    "sharpe_ratio": 1.6278527450697158,
    "total_return": 0.3500755915413132
  },
  "standard_metrics": {
    "cagr": 0.9299923888851196,
    "hit_rate": 0.2785,
    "max_drawdown": -0.1576928734915809,
    "total_return": 0.3500755915413132
  },
  "trade_summary": {
    "avg_abs_position": 0.54575,
    "avg_bars": 50.74418604651163,
    "avg_bars_losing": 13.862068965517242,
    "avg_bars_winning": 127.14285714285714,
    "avg_loss_currency": -39.810000000000024,
    "avg_loss_pct": -0.012085179300317127,
    "avg_pnl_currency": 39.384883720930205,
    "avg_pnl_pct": 0.00795951224541108,
    "avg_position": -0.13125,
    "avg_win_currency": 203.4314285714285,
    "avg_win_pct": 0.04948065901870523,
    "bars_flat": 1817.0,
    "bars_in_market": 2183.0,
    "best_trade_currency": 713.1100000000001,
    "best_trade_pct": 0.17319887595967254,
    "breakeven_rate": 0.0,
    "breakeven_trades": 0,
    "flat_time_pct": 0.45425,
    "gross_loss_currency": 1154.4900000000007,
    "gross_loss_pct": 0.3504701997091967,
    "gross_profit_currency": 2848.039999999999,
    "gross_profit_pct": 0.6927292262618732,
    "long_exposure_pct": 0.20725,
    "long_short_ratio": 1.3888888888888888,
    "long_trades": 25,
    "losing_trades": 29,
    "loss_rate": 0.6744186046511628,
    "max_consecutive_losses": 9.0,
    "max_consecutive_wins": 2.0,
    "median_bars": 13.0,
    "median_pnl_pct": -0.008195537434953604,
    "net_profit_currency": 1693.5499999999988,
    "net_profit_pct": 0.3422590265526765,
    "profit_factor_currency": 2.466924789300901,
    "profit_factor_pct": 1.9765709804618667,
    "short_exposure_pct": 0.3385,
    "short_trades": 18,
    "time_in_market_pct": 0.54575,
    "total_trades": 43,
    "win_rate": 0.32558139534883723,
    "winning_trades": 14,
    "worst_trade_currency": -94.44000000000011,
    "worst_trade_pct": -0.030898692596615707
  }
}