{
  "metrics": {
    "annualised_vol": 0.42396175043442147,
    "avg_drawdown_duration": 93.52380952380952,
    "cagr": 0.6130485089887037,
    "max_drawdown": -0.24866809462643424,
    "sharpe_ratio": 1.3393739401707725,
    "total_return": 0.243987960470182
  },
  "trade_summary": {
    "avg_abs_position": 0.5205,
    "avg_bars": 21.244897959183675,
    "avg_bars_losing": 7.240963855421687,
    "avg_bars_winning": 98.73333333333333,
    "avg_loss_currency": -30.2321686746988,
    "avg_loss_pct": -0.008058153161714899,
    "avg_pnl_currency": 6.0520408163265484,
    "avg_pnl_pct": 0.003360468617208487,
    "avg_position": 0.5205,
    "avg_win_currency": 206.82466666666681,
    "avg_win_pct": 0.06654350912725122,
    "bars_flat": 1918.0,
    "bars_in_market": 2082.0,
    "best_trade_currency": 1103.7599999999995,
    "best_trade_pct": 0.4351147746490531,
    "breakeven_rate": 0.0,
    "breakeven_trades": 0,
    "flat_time_pct": 0.4795,
    "gross_loss_currency": 2509.2700000000004,
    "gross_loss_pct": 0.6688267124223366,
    "gross_profit_currency": 3102.370000000002,
    "gross_profit_pct": 0.9981526369087683,
    "long_exposure_pct": 0.5205,
    "long_short_ratio": NaN,
    "long_trades": 98,
    "losing_trades": 83,
    "loss_rate": 0.8469387755102041,
    "max_consecutive_losses": 22.0,
    "max_consecutive_wins": 1.0,
    "median_bars": 6.0,
    "median_pnl_pct": -0.005276543427357561,
    "net_profit_currency": 593.1000000000017,
    "net_profit_pct": 0.3293259244864317,
    "profit_factor_currency": 1.2363635639050408,
    "profit_factor_pct": 1.4923934980014313,
    "short_exposure_pct": 0.0,
    "short_trades": 0,
    "time_in_market_pct": 0.5205,
    "total_trades": 98,
    "win_rate": 0.15306122448979592,
    "winning_trades": 15,
    "worst_trade_currency": -143.27000000000038,
    "worst_trade_pct": -0.032451618164027196
  }
}