{
  "metrics": {
    "annualised_vol": 0.46139314420575545,
    "avg_drawdown_duration": 168.69565217391303,
    "cagr": 0.7947501143545441,
    "max_drawdown": -0.14819412323101488,
    "sharpe_ratio": 1.4981095318068167,
    "total_return": 0.306121435390309
  },
  "trade_summary": {
    "avg_abs_position": 0.5285,
    "avg_bars": 51.5609756097561,
    "avg_bars_losing": 16.566666666666666,
    "avg_bars_winning": 147.0,
    "avg_loss_currency": -39.40333333333339,
    "avg_loss_pct": -0.011786954382550351,
    "avg_pnl_currency": 38.182195121951246,
    "avg_pnl_pct": 0.00742029998064738,
    "avg_position": -0.1025,
    "avg_win_currency": 249.77909090909117,
    "avg_win_pct": 0.05980372097118665,
    "bars_flat": 1886.0,
    "bars_in_market": 2114.0,
    "best_trade_currency": 719.0,
    "best_trade_pct": 0.1746417294146223,
    "breakeven_rate": 0.0,
    "breakeven_trades": 0,
    "flat_time_pct": 0.4715,
    "gross_loss_currency": 1182.1000000000017,
    "gross_loss_pct": 0.35360863147651056,
    "gross_profit_currency": 2747.570000000003,
    "gross_profit_pct": 0.6578409306830532,
    "long_exposure_pct": 0.213,
    "long_short_ratio": 1.7333333333333334,
    "long_trades": 26,
    "losing_trades": 30,
    "loss_rate": 0.7317073170731707,
    "max_consecutive_losses": 11.0,
    "max_consecutive_wins": 2.0,
    "median_bars": 12.0,
    "median_pnl_pct": -0.008440344848375192,
    "net_profit_currency": 1565.4700000000012,
    "net_profit_pct": 0.3042322992065426,
    "profit_factor_currency": 2.324312663903222,
    "profit_factor_pct": 1.8603644598159423,
    "short_exposure_pct": 0.3155,
    "short_trades": 15,
    "time_in_market_pct": 0.5285,
    "total_trades": 41,
    "win_rate": 0.2682926829268293,
    "winning_trades": 11,
    "worst_trade_currency": -77.81000000000007,
    "worst_trade_pct": -0.023252964521373265
  }
}