{
  "metrics": {
    "annualised_vol": 0.4974785980660864,
    "avg_drawdown_duration": 156.41379310344828,
    "cagr": 1.8903800208032453,
    "max_drawdown": -0.19668417985330644,
    "sharpe_ratio": 2.3821415568475715,
    "total_return": 0.751123828101141
  },
  "trade_summary": {
    "avg_abs_position": 0.5454152249134948,
    "avg_bars": 52.541666666666664,
    "avg_bars_losing": 18.0,
    "avg_bars_winning": 145.53846153846155,
    "avg_loss_currency": -39.0554285714286,
    "avg_loss_pct": -0.012268001388643748,
    "avg_pnl_currency": 45.76979166666671,
    "avg_pnl_pct": 0.013929669572823862,
    "avg_position": -0.038494809688581315,
    "avg_win_currency": 274.14538461538484,
    "avg_win_pct": 0.08446186062292897,
    "bars_flat": 2102.0,
    "bars_in_market": 2522.0,
    "best_trade_currency": 754.2800000000001,
    "best_trade_pct": 0.4153501357371381,
    "breakeven_rate": 0.0,
    "breakeven_trades": 0,
    "flat_time_pct": 0.4545847750865052,
    "gross_loss_currency": 1366.940000000001,
    "gross_loss_pct": 0.4293800486025312,
    "gross_profit_currency": 3563.8900000000026,
    "gross_profit_pct": 1.0980041880980766,
    "long_exposure_pct": 0.25346020761245674,
    "long_short_ratio": 1.6666666666666667,
    "long_trades": 30,
    "losing_trades": 35,
    "loss_rate": 0.7291666666666666,
    "max_consecutive_losses": 11.0,
    "max_consecutive_wins": 2.0,
    "median_bars": 14.5,
    "median_pnl_pct": -0.009206469061439293,
    "net_profit_currency": 2196.950000000002,
    "net_profit_pct": 0.6686241394955453,
    "profit_factor_currency": 2.607202949653972,
    "profit_factor_pct": 2.557184926667326,
    "short_exposure_pct": 0.29195501730103807,
    "short_trades": 18,
    "time_in_market_pct": 0.5454152249134948,
    "total_trades": 48,
    "win_rate": 0.2708333333333333,
    "winning_trades": 13,
    "worst_trade_currency": -77.81000000000007,
    "worst_trade_pct": -0.023635673624288533
  }
}