{
  "metrics": {
    "annualised_vol": 0.4234112082319088,
    "avg_drawdown_duration": 406.6290322580645,
    "cagr": 0.07861665747684321,
    "max_drawdown": -0.6463006569803731,
    "sharpe_ratio": 0.3904482510558518,
    "total_return": 0.24589012222621487
  },
  "trade_summary": {
    "avg_abs_position": 0.5047547940899089,
    "avg_bars": 42.52980132450331,
    "avg_bars_losing": 18.970954356846473,
    "avg_bars_winning": 135.60655737704917,
    "avg_loss_currency": -32.220373443983405,
    "avg_loss_pct": -0.012539212450933116,
    "avg_pnl_currency": 5.753046357615891,
    "avg_pnl_pct": 0.002216126261656668,
    "avg_position": -0.008998742533794405,
    "avg_win_currency": 155.77918032786886,
    "avg_win_pct": 0.060511808716314675,
    "bars_flat": 12603.0,
    "bars_in_market": 12845.0,
    "best_trade_currency": 1221.75,
    "best_trade_pct": 0.5175327866074757,
    "breakeven_rate": 0.0,
    "breakeven_trades": 0,
    "flat_time_pct": 0.4952452059100912,
    "gross_loss_currency": 7765.110000000001,
    "gross_loss_pct": 3.021950200674881,
    "gross_profit_currency": 9502.53,
    "gross_profit_pct": 3.6912203316951953,
    "long_exposure_pct": 0.2478780257780572,
    "long_short_ratio": 1.0405405405405406,
    "long_trades": 154,
    "losing_trades": 241,
    "loss_rate": 0.7980132450331126,
    "max_consecutive_losses": 17.0,
    "max_consecutive_wins": 2.0,
    "median_bars": 11.0,
    "median_pnl_pct": -0.008364511218544646,
    "net_profit_currency": 1737.4199999999992,
    "net_profit_pct": 0.6692701310203136,
    "profit_factor_currency": 1.2237469913497683,
    "profit_factor_pct": 1.221469609549108,
    "short_exposure_pct": 0.25687676831185163,
    "short_trades": 148,
    "time_in_market_pct": 0.5047547940899089,
    "total_trades": 302,
    "win_rate": 0.20198675496688742,
    "winning_trades": 61,
    "worst_trade_currency": -165.1600000000002,
    "worst_trade_pct": -0.1098173904172477
  }
}