{
  "metrics": {
    "annualised_vol": 0.22259568244932137,
    "avg_drawdown_duration": 298.0,
    "cagr": -0.16012221859703346,
    "max_drawdown": -0.2718601831547738,
    "sharpe_ratio": -0.6717011585527796,
    "total_return": -0.18757914684483712
  },
  "trade_summary": {
    "avg_abs_position": 0.49666666666666665,
    "avg_bars": 9.933333333333334,
    "avg_bars_losing": 5.916666666666667,
    "avg_bars_winning": 26.0,
    "avg_loss_currency": -4355.533333333334,
    "avg_loss_pct": -0.042677830789649596,
    "avg_pnl_currency": -1354.7333333333322,
    "avg_pnl_pct": -0.010795706811892443,
    "avg_position": 0.49666666666666665,
    "avg_win_currency": 10648.466666666674,
    "avg_win_pct": 0.11673278909913616,
    "bars_flat": 151.0,
    "bars_in_market": 149.0,
    "best_trade_currency": 19717.60000000001,
    "best_trade_pct": 0.2363767142994151,
    "breakeven_rate": 0.0,
    "breakeven_trades": 0,
    "flat_time_pct": 0.5033333333333333,
    "gross_loss_currency": 52266.4,
    "gross_loss_pct": 0.5121339694757951,
    "gross_profit_currency": 31945.400000000023,
    "gross_profit_pct": 0.3501983672974085,
    "long_exposure_pct": 0.49666666666666665,
    "long_short_ratio": NaN,
    "long_trades": 15,
    "losing_trades": 12,
    "loss_rate": 0.8,
    "max_consecutive_losses": 5.0,
    "max_consecutive_wins": 1.0,
    "median_bars": 6.0,
    "median_pnl_pct": -0.030775234429697873,
    "net_profit_currency": -20320.99999999998,
    "net_profit_pct": -0.16193560217838665,
    "profit_factor_currency": 0.6112033734865998,
    "profit_factor_pct": 0.6838022630208673,
    "short_exposure_pct": 0.0,
    "short_trades": 0,
    "time_in_market_pct": 0.49666666666666665,
    "total_trades": 15,
    "win_rate": 0.2,
    "winning_trades": 3,
    "worst_trade_currency": -9865.39999999999,
    "worst_trade_pct": -0.1088791694395791
  }
}