direction,count,percentage
Long,6,0.5454545454545454
Short,5,0.45454545454545453
