{
  "metrics": {
    "annualised_vol": 0.44246906049945145,
    "avg_drawdown_duration": 147.8,
    "cagr": 0.03079456668039171,
    "max_drawdown": -0.5511918426868183,
    "sharpe_ratio": 0.2888231382558295,
    "total_return": 0.13274460640532926
  },
  "trade_summary": {
    "avg_abs_position": 0.5113333333333333,
    "avg_bars": 19.175,
    "avg_bars_losing": 4.064516129032258,
    "avg_bars_winning": 71.22222222222223,
    "avg_loss_currency": -127.07547692677426,
    "avg_loss_pct": -0.04159595235478295,
    "avg_pnl_currency": -4.238994618250041,
    "avg_pnl_pct": 0.012323326537143455,
    "avg_position": 0.5113333333333333,
    "avg_win_currency": 418.8644444444444,
    "avg_win_pct": 0.19804528716488998,
    "bars_flat": 733.0,
    "bars_in_market": 767.0,
    "best_trade_currency": 1423.05,
    "best_trade_pct": 0.7053225158101535,
    "breakeven_rate": 0.0,
    "breakeven_trades": 0,
    "flat_time_pct": 0.4886666666666667,
    "gross_loss_currency": 3939.339784730002,
    "gross_loss_pct": 1.2894745229982716,
    "gross_profit_currency": 3769.7799999999997,
    "gross_profit_pct": 1.7824075844840097,
    "long_exposure_pct": 0.5113333333333333,
    "long_short_ratio": NaN,
    "long_trades": 40,
    "losing_trades": 31,
    "loss_rate": 0.775,
    "max_consecutive_losses": 8.0,
    "max_consecutive_wins": 3.0,
    "median_bars": 4.0,
    "median_pnl_pct": -0.0222023047360122,
    "net_profit_currency": -169.55978473000164,
    "net_profit_pct": 0.49293306148573823,
    "profit_factor_currency": 0.9569573090934517,
    "profit_factor_pct": 1.3822743704463238,
    "short_exposure_pct": 0.0,
    "short_trades": 0,
    "time_in_market_pct": 0.5113333333333333,
    "total_trades": 40,
    "win_rate": 0.225,
    "winning_trades": 9,
    "worst_trade_currency": -310.57999999999976,
    "worst_trade_pct": -0.13221424758289346
  }
}