{
  "metrics": {
    "annualised_vol": 0.35148730014955654,
    "avg_drawdown_duration": 174.28571428571428,
    "cagr": -0.08931637881373045,
    "max_drawdown": -0.5776461325963939,
    "sharpe_ratio": -0.08708048290450347,
    "total_return": -0.31920363344620817
  },
  "standard_metrics": {
    "cagr": -0.08937321714213564,
    "hit_rate": 0.09733333333333333,
    "max_drawdown": -0.5776461325963939,
    "total_return": -0.31920363344620817
  },
  "trade_summary": {
    "avg_abs_position": 0.20666666666666667,
    "avg_bars": 38.75,
    "avg_bars_losing": 25.571428571428573,
    "avg_bars_winning": 131.0,
    "avg_loss_currency": -282.24142857142857,
    "avg_loss_pct": -0.09821479329556718,
    "avg_pnl_currency": -120.23874999999998,
    "avg_pnl_pct": -0.028400883133371538,
    "avg_position": 0.17733333333333334,
    "avg_win_currency": 1013.7800000000003,
    "avg_win_pct": 0.46029648800199796,
    "bars_flat": 1190.0,
    "bars_in_market": 310.0,
    "best_trade_currency": 1013.7800000000003,
    "best_trade_pct": 0.46029648800199796,
    "breakeven_rate": 0.0,
    "breakeven_trades": 0,
    "flat_time_pct": 0.7933333333333333,
    "gross_loss_currency": 1975.69,
    "gross_loss_pct": 0.6875035530689703,
    "gross_profit_currency": 1013.7800000000003,
    "gross_profit_pct": 0.46029648800199796,
    "long_exposure_pct": 0.192,
    "long_short_ratio": 3.0,
    "long_trades": 6,
    "losing_trades": 7,
    "loss_rate": 0.875,
    "max_consecutive_losses": 5.0,
    "max_consecutive_wins": 1.0,
    "median_bars": 17.5,
    "median_pnl_pct": -0.10349624952566555,
    "net_profit_currency": -961.9099999999999,
    "net_profit_pct": -0.2272070650669723,
    "profit_factor_currency": 0.5131270594070934,
    "profit_factor_pct": 0.6695187042267127,
    "short_exposure_pct": 0.014666666666666666,
    "short_trades": 2,
    "time_in_market_pct": 0.20666666666666667,
    "total_trades": 8,
    "win_rate": 0.125,
    "winning_trades": 1,
    "worst_trade_currency": -445.33999999999986,
    "worst_trade_pct": -0.13846646539582053
  }
}